City_ID,City,Lat,Lng,Max Temp,Humidity,Cloudiness,Wind Speed,Country,Date,Current Description
0,Alto Longa,-5.2511,-42.2103,104.18,17,61,4.88,BR,2022-09-16 18:18:23,broken clouds
1,Saint-Philippe,-21.3585,55.7679,69.39,86,61,15.68,RE,2022-09-16 18:18:23,light rain
2,Ushuaia,-54.8,-68.3,42.46,49,75,10.36,AR,2022-09-16 18:14:12,broken clouds
3,Polyarnyy,69.1989,33.4478,46.99,98,100,12.57,RU,2022-09-16 18:18:24,overcast clouds
4,Cape Town,-33.9258,18.4232,61.27,77,20,6.91,ZA,2022-09-16 18:15:22,few clouds
5,Rovaniemi,66.5,25.7167,51.21,93,100,13.8,FI,2022-09-16 18:18:24,overcast clouds
6,Carnarvon,-24.8667,113.6333,65.21,70,0,14.94,AU,2022-09-16 18:18:25,clear sky
7,Saubara,-12.7375,-38.7686,78.73,62,15,12.71,BR,2022-09-16 18:16:15,few clouds
8,Mabama,-5.1333,32.5333,78.04,28,14,5.3,TZ,2022-09-16 18:18:25,few clouds
9,Mahebourg,-20.4081,57.7,71.26,88,75,19.57,MU,2022-09-16 18:18:26,light intensity shower rain
10,Havoysund,70.9963,24.6622,46.63,88,100,27.29,NO,2022-09-16 18:18:26,light rain
11,Busselton,-33.65,115.3333,58.66,67,63,6.8,AU,2022-09-16 18:18:26,broken clouds
12,Savinka,50.0785,47.0994,64.8,83,100,12.37,RU,2022-09-16 18:18:27,overcast clouds
13,Aripuana,-9.1667,-60.6333,104.0,23,4,1.95,BR,2022-09-16 18:18:27,clear sky
14,Bredasdorp,-34.5322,20.0403,57.6,90,83,12.8,ZA,2022-09-16 18:18:28,broken clouds
15,Vardo,70.3705,31.1107,46.38,93,100,20.71,NO,2022-09-16 18:18:28,overcast clouds
16,Verkhnyaya Inta,65.9811,60.3094,53.28,70,100,10.42,RU,2022-09-16 18:18:28,overcast clouds
17,Chuy,-33.6971,-53.4616,65.68,55,1,14.23,UY,2022-09-16 18:18:29,clear sky
18,Marsabit,2.3284,37.9899,72.18,40,17,20.27,KE,2022-09-16 18:18:29,few clouds
19,Hithadhoo,-0.6,73.0833,81.66,69,0,5.1,MV,2022-09-16 18:18:29,clear sky
20,Belmonte,-15.8631,-38.8828,78.64,61,85,7.05,BR,2022-09-16 18:18:29,overcast clouds
21,Mar Del Plata,-38.0023,-57.5575,71.62,46,75,18.41,AR,2022-09-16 18:17:19,broken clouds
22,Santo Antonio Do Ica,-3.1022,-67.9397,90.41,50,100,2.01,BR,2022-09-16 18:18:30,overcast clouds
23,Jamestown,42.097,-79.2353,76.01,52,75,5.75,US,2022-09-16 18:17:28,broken clouds
24,Cayenne,4.9333,-52.3333,91.44,62,75,10.36,GF,2022-09-16 18:14:49,broken clouds
25,Gostyn,51.8825,17.0123,56.05,67,89,11.83,PL,2022-09-16 18:18:31,overcast clouds
26,Kalininsk,51.5,44.4758,57.29,97,100,7.76,RU,2022-09-16 18:18:32,overcast clouds
27,Ugoofaaru,5.6667,73.0,81.36,71,8,5.93,MV,2022-09-16 18:18:33,clear sky
28,Hermanus,-34.4187,19.2345,60.8,90,84,11.59,ZA,2022-09-16 18:14:22,light rain
29,Sayyan,15.1718,44.3244,67.86,29,86,5.37,YE,2022-09-16 18:18:33,overcast clouds
30,Pointe-Noire,-4.7761,11.8635,74.8,84,93,7.52,CG,2022-09-16 18:18:33,overcast clouds
31,Lola,7.8,-8.5333,75.87,86,95,3.09,GN,2022-09-16 18:18:34,light rain
32,Saint-Pierre,-21.3393,55.4781,69.48,78,0,14.97,RE,2022-09-16 18:17:04,clear sky
33,Namibe,-15.1961,12.1522,67.23,90,47,8.68,AO,2022-09-16 18:16:59,scattered clouds
34,Kruisfontein,-34.0033,24.7314,59.99,85,61,9.66,ZA,2022-09-16 18:18:35,broken clouds
35,Bonavista,48.6499,-53.1147,55.85,88,97,15.99,CA,2022-09-16 18:18:35,light rain
36,Port Alfred,-33.5906,26.891,63.18,90,82,1.99,ZA,2022-09-16 18:18:36,broken clouds
37,Juruti,-2.1522,-56.0922,101.26,26,64,5.12,BR,2022-09-16 18:18:36,broken clouds
38,Cidreira,-30.1811,-50.2056,63.88,68,6,13.13,BR,2022-09-16 18:18:37,clear sky
39,East London,-33.0153,27.9116,63.54,94,40,9.22,ZA,2022-09-16 18:18:38,scattered clouds
40,Caravelas,-17.7125,-39.2481,80.28,59,92,8.95,BR,2022-09-16 18:18:39,overcast clouds
41,Mezhevoy,55.1711,58.7814,51.55,72,100,3.49,RU,2022-09-16 18:18:39,overcast clouds
42,Port Elizabeth,-33.918,25.5701,61.09,88,20,16.11,ZA,2022-09-16 18:15:44,few clouds
43,Sao Jose Da Coroa Grande,-8.8978,-35.1478,78.91,59,60,8.9,BR,2022-09-16 18:18:40,broken clouds
44,Lesnoye,58.2841,35.5158,48.06,94,90,4.88,RU,2022-09-16 18:18:40,overcast clouds
45,Stephenville,32.2207,-98.2023,90.25,44,40,9.22,US,2022-09-16 18:18:40,scattered clouds
46,Touros,-5.1989,-35.4608,81.9,57,19,15.95,BR,2022-09-16 18:18:40,few clouds
47,Amapa,1.0,-52.0,96.89,32,32,4.56,BR,2022-09-16 18:18:41,scattered clouds
48,Zabol,32.25,67.25,67.98,17,0,10.85,AF,2022-09-16 18:18:41,clear sky
49,Camacha,33.0833,-16.3333,72.82,78,75,14.97,PT,2022-09-16 18:18:42,broken clouds
50,Ormara,25.2088,64.6357,79.88,88,25,12.71,PK,2022-09-16 18:18:42,scattered clouds
51,Victoria,22.2855,114.1577,87.33,72,18,4.0,HK,2022-09-16 18:16:54,few clouds
52,Lodwar,3.1191,35.5973,88.9,30,8,11.72,KE,2022-09-16 18:18:42,clear sky
53,Port Blair,11.6667,92.75,78.84,94,40,2.3,IN,2022-09-16 18:18:43,mist
54,Maragogi,-9.0122,-35.2225,77.99,63,84,8.08,BR,2022-09-16 18:15:54,broken clouds
55,Cockburn Town,21.4612,-71.1419,84.06,68,24,18.3,TC,2022-09-16 18:17:43,few clouds
56,Bengkulu,-3.8004,102.2655,75.15,91,98,3.56,ID,2022-09-16 18:18:43,overcast clouds
57,Hualmay,-11.0964,-77.6139,67.42,70,36,9.93,PE,2022-09-16 18:18:44,scattered clouds
58,Dingle,10.9995,122.6711,75.02,94,100,5.48,PH,2022-09-16 18:18:45,overcast clouds
59,Codrington,-38.2667,141.9667,50.9,83,100,17.43,AU,2022-09-16 18:18:45,overcast clouds
60,Hornepayne,49.2138,-84.7705,56.43,68,100,9.31,CA,2022-09-16 18:18:46,overcast clouds
61,Qasigiannguit,68.8193,-51.1922,41.25,87,100,4.43,GL,2022-09-16 18:18:47,overcast clouds
62,Businga,3.3333,20.8833,78.21,76,94,0.98,CD,2022-09-16 18:18:47,overcast clouds
63,Marseille,43.3333,5.5,72.59,42,7,11.99,FR,2022-09-16 18:18:48,clear sky
64,Shetpe,44.1667,52.1167,71.56,36,83,2.51,KZ,2022-09-16 18:18:48,broken clouds
65,Parauna,-16.9478,-50.4486,93.06,24,9,8.16,BR,2022-09-16 18:18:49,clear sky
66,Iqaluit,63.7506,-68.5145,47.93,61,20,5.75,CA,2022-09-16 18:18:49,few clouds
67,Kousseri,12.0769,15.0306,76.42,75,91,4.03,CM,2022-09-16 18:18:49,overcast clouds
68,Bouna,9.2667,-3.0,74.26,89,100,2.42,CI,2022-09-16 18:18:50,light rain
69,Talnakh,69.4865,88.3972,29.41,84,32,5.03,RU,2022-09-16 18:18:50,scattered clouds
70,Nevers,46.9167,3.3333,57.78,67,0,4.61,FR,2022-09-16 18:18:50,clear sky
71,Upernavik,72.7868,-56.1549,38.52,90,81,10.47,GL,2022-09-16 18:14:28,broken clouds
72,Teghra,25.4833,85.95,82.29,79,91,4.63,IN,2022-09-16 18:18:51,overcast clouds
73,Saint George,37.1041,-113.5841,85.62,40,0,4.0,US,2022-09-16 18:18:37,clear sky
74,Quatre Cocos,-20.2078,57.7625,71.1,77,18,15.21,MU,2022-09-16 18:18:51,light rain
75,Jalu,29.0331,21.5482,85.95,24,0,7.02,LY,2022-09-16 18:18:52,clear sky
76,Puerto Carreno,6.189,-67.4859,89.78,57,98,8.23,CO,2022-09-16 18:18:52,overcast clouds
77,Sao Joao Da Barra,-21.6403,-41.0511,68.09,91,100,14.45,BR,2022-09-16 18:18:53,overcast clouds
78,Vestmannaeyjar,63.4427,-20.2734,49.19,93,100,5.75,IS,2022-09-16 18:18:53,drizzle
79,Lagoa,39.05,-27.9833,73.09,84,81,15.39,PT,2022-09-16 18:18:54,light rain
80,Pontes E Lacerda,-15.2261,-59.3353,98.38,22,35,3.18,BR,2022-09-16 18:18:54,scattered clouds
81,Necochea,-38.5473,-58.7368,69.12,41,88,21.07,AR,2022-09-16 18:18:54,overcast clouds
82,Laguna,38.421,-121.4238,76.33,61,0,3.44,US,2022-09-16 18:18:55,clear sky
83,Mocuba,-16.8392,36.9856,71.33,78,12,7.85,MZ,2022-09-16 18:18:55,few clouds
84,Torbay,47.6666,-52.7314,58.57,91,75,23.02,CA,2022-09-16 18:18:56,light rain
85,Ndele,8.4109,20.6473,71.24,95,100,2.68,CF,2022-09-16 18:18:56,overcast clouds
86,Tranas,58.0372,14.9782,47.7,93,75,5.75,SE,2022-09-16 18:18:57,broken clouds
87,Khakhea,-24.6895,23.494,73.29,18,3,9.08,BW,2022-09-16 18:18:57,clear sky
88,Cefalu,38.0386,14.0229,83.53,85,41,4.0,IT,2022-09-16 18:17:34,scattered clouds
89,Ostrovnoy,68.0531,39.5131,48.49,97,100,4.68,RU,2022-09-16 18:18:58,overcast clouds
90,Suleja,9.1758,7.1808,74.39,92,97,2.08,NG,2022-09-16 18:18:59,moderate rain
91,Bahia Honda,22.9036,-83.1592,88.5,59,64,6.8,CU,2022-09-16 18:18:59,broken clouds
92,General Roca,-39.0333,-67.5833,79.63,14,100,7.54,AR,2022-09-16 18:18:59,overcast clouds
93,Pitelino,54.5777,41.8145,59.45,90,100,9.75,RU,2022-09-16 18:19:00,overcast clouds
94,Chinsali,-10.5414,32.0816,71.65,34,15,7.4,ZM,2022-09-16 18:19:00,few clouds
95,San-Pedro,4.7485,-6.6363,76.14,88,98,9.8,CI,2022-09-16 18:19:00,overcast clouds
96,Belyy Yar,53.6039,91.3903,45.86,65,0,6.71,RU,2022-09-16 18:19:01,clear sky
97,Mumbwa,-14.9783,27.0619,70.92,32,0,4.41,ZM,2022-09-16 18:19:01,clear sky
98,Hammerfest,70.6634,23.6821,46.85,93,75,20.71,NO,2022-09-16 18:19:01,broken clouds
99,Dolores,-36.3132,-57.6792,69.85,43,62,17.02,AR,2022-09-16 18:19:02,broken clouds
100,Maloyaroslavets,55.0146,36.4719,50.45,93,85,6.53,RU,2022-09-16 18:19:02,overcast clouds
101,Sao Filipe,14.8961,-24.4956,80.24,77,72,13.69,CV,2022-09-16 18:19:03,broken clouds
102,Vila Velha,-20.3297,-40.2925,73.35,90,100,13.8,BR,2022-09-16 18:17:18,overcast clouds
103,Clyde River,70.4692,-68.5914,39.43,93,100,10.36,CA,2022-09-16 18:19:04,fog
104,Guiberoua,6.2392,-6.1727,73.47,98,100,3.67,CI,2022-09-16 18:19:04,moderate rain
105,Aguimes,27.9054,-15.4461,77.63,61,20,20.71,ES,2022-09-16 18:19:05,few clouds
106,Bathsheba,13.2167,-59.5167,84.81,79,40,20.71,BB,2022-09-16 18:19:05,scattered clouds
107,Hwange,-18.3693,26.5019,75.79,29,0,2.44,ZW,2022-09-16 18:19:06,clear sky
108,Qaanaaq,77.484,-69.3632,33.28,86,98,4.03,GL,2022-09-16 18:19:06,overcast clouds
109,Castro,-24.7911,-50.0119,59.85,68,96,6.73,BR,2022-09-16 18:19:07,overcast clouds
110,Luau,-10.7073,22.2247,79.45,27,86,5.12,AO,2022-09-16 18:19:07,overcast clouds
111,Thunder Bay,48.4001,-89.3168,55.31,94,100,16.11,CA,2022-09-16 18:19:01,mist
112,Ipameri,-17.7219,-48.1597,89.71,25,35,7.83,BR,2022-09-16 18:19:08,scattered clouds
113,Ilam,26.9167,87.9167,68.83,96,81,1.74,NP,2022-09-16 18:19:08,moderate rain
114,Margate,51.3813,1.3862,56.88,67,63,8.99,GB,2022-09-16 18:19:09,broken clouds
115,Ornes,66.8689,13.7078,50.45,83,100,0.31,NO,2022-09-16 18:19:09,overcast clouds
116,Narsaq,60.9167,-46.05,64.62,85,100,9.73,GL,2022-09-16 18:19:09,light rain
117,Barkly West,-28.5354,24.5215,78.08,17,91,10.16,ZA,2022-09-16 18:19:09,overcast clouds
118,Sokol,59.4617,40.1206,54.01,79,100,8.61,RU,2022-09-16 18:19:10,moderate rain
119,Sorland,67.667,12.6934,53.46,75,95,9.55,NO,2022-09-16 18:19:10,overcast clouds
120,Souillac,-20.5167,57.5167,70.18,88,75,19.57,MU,2022-09-16 18:19:10,light intensity shower rain
121,Chapais,49.7834,-74.8492,55.18,41,25,8.48,CA,2022-09-16 18:19:11,scattered clouds
122,Kondoa,-4.9,35.7833,68.7,50,66,9.53,TZ,2022-09-16 18:19:11,broken clouds
123,Morondava,-20.2833,44.2833,74.77,83,11,13.71,MG,2022-09-16 18:19:12,few clouds
124,Uige,-7.6087,15.0613,71.92,81,97,2.48,AO,2022-09-16 18:19:13,light rain
125,Havre-Saint-Pierre,50.2334,-63.5986,48.2,78,100,19.19,CA,2022-09-16 18:19:13,overcast clouds
126,Kavaratti,10.5669,72.642,80.82,79,44,8.77,IN,2022-09-16 18:19:14,scattered clouds
127,Ondjiva,-17.0667,15.7333,76.35,13,1,6.6,AO,2022-09-16 18:19:14,clear sky
128,Kirkwall,58.9848,-2.9587,50.05,76,75,21.85,GB,2022-09-16 18:19:15,broken clouds
129,Saldanha,-33.0117,17.9442,57.74,94,62,8.68,ZA,2022-09-16 18:19:16,broken clouds
130,Karpathos,35.507,27.2132,75.16,73,0,9.22,GR,2022-09-16 18:19:16,clear sky
131,Nouadhibou,20.931,-17.0347,76.98,65,0,19.57,MR,2022-09-16 18:19:16,sand
132,Atar,20.5169,-13.0499,98.22,16,2,13.71,MR,2022-09-16 18:19:17,clear sky
133,Dikson,73.5069,80.5464,35.13,85,94,6.62,RU,2022-09-16 18:19:17,overcast clouds
134,Shinpokh,34.3292,71.1782,86.34,63,0,3.8,PK,2022-09-16 18:19:18,clear sky
135,Vila Franca Do Campo,37.7167,-25.4333,75.61,79,24,11.03,PT,2022-09-16 18:17:23,few clouds
136,Ribeira Grande,38.5167,-28.7,77.4,78,20,16.11,PT,2022-09-16 18:19:18,few clouds
137,Takoradi,4.8845,-1.7554,76.82,84,80,9.04,GH,2022-09-16 18:19:18,broken clouds
138,Ponta Do Sol,32.6667,-17.1,82.0,90,5,7.58,PT,2022-09-16 18:15:52,clear sky
139,Constitucion,-35.3333,-72.4167,56.53,90,100,10.58,CL,2022-09-16 18:19:19,overcast clouds
140,Jumla,29.2747,82.1838,58.91,94,100,3.0,NP,2022-09-16 18:19:19,overcast clouds
141,Lexington,37.9887,-84.4777,84.69,50,0,3.44,US,2022-09-16 18:18:05,clear sky
142,Nantucket,41.2835,-70.0995,71.74,44,0,12.66,US,2022-09-16 18:19:03,clear sky
143,Trujillo,-8.116,-79.03,64.36,77,65,14.97,PE,2022-09-16 18:19:20,fog
144,Arraial Do Cabo,-22.9661,-42.0278,62.56,100,100,5.75,BR,2022-09-16 18:19:20,overcast clouds
145,Nyazepetrovsk,56.0531,59.6028,54.05,40,100,8.23,RU,2022-09-16 18:19:21,overcast clouds
146,Bambous Virieux,-20.3428,57.7575,71.22,88,75,19.57,MU,2022-09-16 18:19:21,light intensity shower rain
147,Nesna,66.1967,13.0213,53.67,80,100,5.53,NO,2022-09-16 18:19:22,overcast clouds
148,Arrecife,28.963,-13.5477,76.98,69,40,21.85,ES,2022-09-16 18:19:22,scattered clouds
149,Marienburg,54.0359,19.0266,54.88,58,93,14.99,PL,2022-09-16 18:19:22,overcast clouds
150,Liverpool,53.4106,-2.9779,57.65,55,40,10.36,GB,2022-09-16 18:18:28,scattered clouds
151,Pangnirtung,66.1451,-65.7125,45.77,65,31,2.13,CA,2022-09-16 18:19:23,scattered clouds
152,Lebu,-37.6167,-73.65,44.15,92,100,15.68,CL,2022-09-16 18:19:24,overcast clouds
153,Marzuq,14.4,46.4667,81.57,46,97,5.03,YE,2022-09-16 18:19:24,overcast clouds
154,Klaksvik,62.2266,-6.589,49.12,76,95,17.94,FO,2022-09-16 18:19:25,overcast clouds
155,Harare,-17.8294,31.0539,65.77,37,2,6.38,ZW,2022-09-16 18:18:40,clear sky
156,San Cristobal,7.7669,-72.225,82.58,52,79,8.46,VE,2022-09-16 18:17:33,broken clouds
157,Coutances,49.05,-1.4333,57.04,56,6,8.93,FR,2022-09-16 18:19:25,clear sky
158,Saint-Francois,46.4154,3.9054,60.24,67,75,10.36,FR,2022-09-16 18:19:26,broken clouds
159,Ornskoldsvik,63.2909,18.7153,52.75,93,75,9.22,SE,2022-09-16 18:19:26,light intensity drizzle
160,Ilulissat,69.2167,-51.1,41.02,81,20,8.05,GL,2022-09-16 18:19:27,few clouds
161,Cotonou,6.3654,2.4183,78.78,83,40,8.05,BJ,2022-09-16 18:18:18,scattered clouds
162,Cordoba,-31.4135,-64.1811,80.42,21,76,24.16,AR,2022-09-16 18:14:46,broken clouds
163,Marquette,46.5333,-87.6335,74.82,89,100,6.62,US,2022-09-16 18:19:27,overcast clouds
164,Luderitz,-26.6481,15.1594,61.97,77,95,9.01,NA,2022-09-16 18:19:28,overcast clouds
165,Kalmunai,7.4167,81.8167,80.44,78,58,5.66,LK,2022-09-16 18:19:28,broken clouds
166,Orahovac,42.3994,20.6547,67.86,85,100,5.1,XK,2022-09-16 18:19:28,overcast clouds
167,Rio Grande,-32.035,-52.0986,73.51,64,4,14.65,BR,2022-09-16 18:17:55,clear sky
168,Arona,28.0996,-16.681,72.12,81,20,12.66,ES,2022-09-16 18:19:29,few clouds
169,Port-Gentil,-0.7193,8.7815,78.76,78,100,12.66,GA,2022-09-16 18:19:29,overcast clouds
170,Loiza,18.4313,-65.8802,86.85,74,40,13.8,PR,2022-09-16 18:19:29,scattered clouds
171,Zapolyarnyy,69.4154,30.8136,45.68,97,100,17.96,RU,2022-09-16 18:15:57,overcast clouds
172,Yokadouma,3.5167,15.05,70.23,97,75,2.06,CM,2022-09-16 18:19:30,broken clouds
173,Coxim,-18.5067,-54.76,95.09,25,22,6.15,BR,2022-09-16 18:19:30,few clouds
174,Sete Lagoas,-19.4658,-44.2467,83.48,30,50,3.33,BR,2022-09-16 18:19:30,scattered clouds
175,Karoi,-16.8099,29.6925,67.35,41,0,5.88,ZW,2022-09-16 18:19:31,clear sky
176,Dwarka,22.2394,68.9678,81.1,77,100,15.01,IN,2022-09-16 18:19:32,overcast clouds
177,Karwar,14.8,74.1333,76.55,90,100,8.46,IN,2022-09-16 18:19:32,overcast clouds
178,Georgetown,5.4112,100.3354,78.89,92,20,2.3,MY,2022-09-16 18:18:32,few clouds
179,Puerto Cabezas,14.0351,-83.3888,85.96,74,75,6.91,NI,2022-09-16 18:19:33,broken clouds
180,Slantsy,59.1182,28.0914,48.94,95,100,6.26,RU,2022-09-16 18:19:34,overcast clouds
181,Avrille,47.5,-0.5833,62.71,51,59,13.09,FR,2022-09-16 18:19:34,broken clouds
182,Komsomolskiy,40.4272,71.7189,68.72,42,40,9.22,UZ,2022-09-16 18:19:35,scattered clouds
183,Mehamn,71.0357,27.8492,46.31,87,100,16.11,NO,2022-09-16 18:19:35,overcast clouds
184,Clarence Town,-32.5833,151.7833,59.86,74,100,2.91,AU,2022-09-16 18:19:36,overcast clouds
185,Mana,5.6592,-53.7767,86.79,66,56,11.52,GF,2022-09-16 18:19:36,broken clouds
186,Aquiraz,-3.9014,-38.3911,86.09,65,28,15.5,BR,2022-09-16 18:19:36,scattered clouds
187,Conceicao Do Araguaia,-8.2578,-49.2647,105.37,14,29,6.8,BR,2022-09-16 18:19:37,scattered clouds
188,Krasnoborsk,61.5598,45.934,48.56,98,94,4.81,RU,2022-09-16 18:19:37,overcast clouds
189,Progreso,21.2833,-89.6667,91.11,60,36,8.01,MX,2022-09-16 18:19:37,scattered clouds
190,Mecca,21.4267,39.8261,92.62,36,37,4.14,SA,2022-09-16 18:18:49,scattered clouds
191,Ostrow Mazowiecka,52.8024,21.8951,52.63,58,59,13.24,PL,2022-09-16 18:19:37,broken clouds
192,Crossville,35.949,-85.0269,79.48,54,0,4.0,US,2022-09-16 18:18:32,clear sky
193,Garowe,8.4054,48.4845,80.42,56,57,25.43,SO,2022-09-16 18:19:38,broken clouds
194,Bubaque,11.2833,-15.8333,81.52,81,68,12.41,GW,2022-09-16 18:19:38,broken clouds
195,Abalak,58.1286,68.5944,48.9,65,45,8.37,RU,2022-09-16 18:19:38,scattered clouds
196,Mastic Beach,40.7668,-72.8521,76.05,42,0,11.01,US,2022-09-16 18:19:39,clear sky
197,Coihaique,-45.5752,-72.0662,44.55,45,40,8.05,CL,2022-09-16 18:15:09,scattered clouds
198,Oranjemund,-28.55,16.4333,57.18,95,96,8.9,NA,2022-09-16 18:19:40,overcast clouds
199,Nanortalik,60.1432,-45.2371,50.63,83,100,7.74,GL,2022-09-16 18:19:40,light rain
200,Longyearbyen,78.2186,15.6401,30.04,80,75,10.36,SJ,2022-09-16 18:19:41,broken clouds
201,Andra,62.5147,65.8878,48.79,68,100,8.14,RU,2022-09-16 18:19:41,overcast clouds
202,Buta,2.7858,24.73,74.41,87,95,1.01,CD,2022-09-16 18:19:41,light rain
203,Kez,57.8979,53.7152,45.93,92,73,4.25,RU,2022-09-16 18:19:42,broken clouds
204,San Juan,-31.5375,-68.5364,85.8,7,63,8.95,AR,2022-09-16 18:16:47,broken clouds
205,Serenje,-13.2325,30.2352,66.72,40,0,5.44,ZM,2022-09-16 18:19:43,clear sky
206,Beyneu,45.3167,55.2,70.77,36,96,1.86,KZ,2022-09-16 18:19:44,overcast clouds
207,Serro,-18.6047,-43.3794,83.01,40,54,5.75,BR,2022-09-16 18:19:44,broken clouds
208,Arlit,18.7369,7.3853,96.76,26,67,22.66,NE,2022-09-16 18:19:45,broken clouds
209,Kabo,7.6994,18.629,72.12,95,100,1.7,CF,2022-09-16 18:19:45,moderate rain
210,Vengerovo,55.6848,76.7471,47.37,61,34,4.27,RU,2022-09-16 18:19:45,scattered clouds
211,Ipanema,-30.1391,-51.2244,73.65,59,75,17.27,BR,2022-09-16 18:19:47,broken clouds
212,Florianopolis,-27.6146,-48.5012,66.63,62,75,11.5,BR,2022-09-16 18:19:47,broken clouds
213,Carutapera,-1.195,-46.02,85.66,59,14,10.85,BR,2022-09-16 18:19:48,few clouds
214,Rio Gallegos,-51.6226,-69.2181,46.45,39,40,14.97,AR,2022-09-16 18:16:32,scattered clouds
215,Bereznik,62.8551,42.7072,49.51,98,100,7.09,RU,2022-09-16 18:19:48,overcast clouds
216,Kasongo-Lunda,-6.4667,16.8167,76.59,74,98,2.64,CD,2022-09-16 18:19:48,overcast clouds
217,Matay,28.419,30.7792,83.1,27,0,7.83,EG,2022-09-16 18:19:49,clear sky
218,Apt,43.8833,5.4,70.09,47,30,12.64,FR,2022-09-16 18:16:17,scattered clouds
219,Kholm,59.2667,32.85,46.87,96,75,4.27,RU,2022-09-16 18:19:50,broken clouds
220,Kurara,25.9833,79.9833,77.92,88,80,2.42,IN,2022-09-16 18:19:50,broken clouds
221,Chardara,41.2547,67.9692,70.34,28,63,7.14,KZ,2022-09-16 18:19:51,broken clouds
222,Isla Mujeres,21.2311,-86.731,84.25,78,98,9.37,MX,2022-09-16 18:19:51,overcast clouds
223,Kashi,39.4547,75.9797,76.21,20,99,13.42,CN,2022-09-16 18:19:51,overcast clouds
224,Tasiilaq,65.6145,-37.6368,42.96,77,100,8.12,GL,2022-09-16 18:19:52,overcast clouds
225,Raudeberg,61.9875,5.1352,48.87,10,100,33.73,NO,2022-09-16 18:19:53,light rain
226,Conde,-7.2597,-34.9075,81.86,54,40,12.66,BR,2022-09-16 18:15:22,scattered clouds
227,La Libertad,-2.2333,-80.9,71.26,83,75,8.05,EC,2022-09-16 18:19:53,broken clouds
228,Acarau,-2.8856,-40.12,84.99,64,30,19.89,BR,2022-09-16 18:19:54,scattered clouds
229,Kidal,18.4411,1.4078,98.38,19,100,10.29,ML,2022-09-16 18:19:54,overcast clouds
230,Manthani,18.65,79.6667,76.57,90,97,5.61,IN,2022-09-16 18:19:55,overcast clouds
231,Antofagasta,-23.65,-70.4,60.08,61,4,8.63,CL,2022-09-16 18:19:47,clear sky
232,Birao,10.2849,22.7882,72.52,95,98,5.77,CF,2022-09-16 18:19:55,light rain
233,Jaisalmer,26.9147,70.9181,86.47,54,0,17.81,IN,2022-09-16 18:19:55,clear sky
234,Kaabong,3.4836,34.1492,71.31,49,89,11.18,UG,2022-09-16 18:19:55,overcast clouds
235,Bocaiuva,-17.1078,-43.815,94.71,16,1,4.97,BR,2022-09-16 18:19:56,clear sky
236,Bilma,18.6853,12.9164,97.48,14,26,4.83,NE,2022-09-16 18:19:56,scattered clouds
237,Birjand,32.8663,59.2211,73.87,10,0,13.8,IR,2022-09-16 18:19:56,clear sky
238,Aksarka,66.5606,67.7975,52.99,74,100,8.3,RU,2022-09-16 18:19:57,overcast clouds
239,Irpa Irpa,-17.7167,-66.2667,82.4,17,73,5.01,BO,2022-09-16 18:19:57,broken clouds
240,Korem,12.5058,39.5228,59.94,57,66,3.09,ET,2022-09-16 18:19:57,broken clouds
241,Maridi,4.9158,29.4742,69.21,97,100,2.8,SS,2022-09-16 18:19:58,light rain
242,Akdepe,42.0551,59.3788,68.09,51,99,9.91,TM,2022-09-16 18:19:58,overcast clouds
243,Saint-Joseph,-21.3667,55.6167,68.38,80,41,16.08,RE,2022-09-16 18:19:58,light rain
244,Albania,41.0,20.0,79.25,59,73,3.4,AL,2022-09-16 18:15:11,broken clouds
245,Knysna,-34.0363,23.0471,60.13,77,73,7.43,ZA,2022-09-16 18:19:59,broken clouds
246,Lochwinnoch,55.7952,-4.6303,55.06,66,48,11.5,GB,2022-09-16 18:20:00,scattered clouds
247,Salalah,17.0151,54.0924,80.69,94,75,5.75,OM,2022-09-16 18:20:00,broken clouds
248,Harindanga,22.0383,88.3214,81.7,87,100,7.54,IN,2022-09-16 18:20:01,overcast clouds
249,Kuzino,57.0224,59.4412,53.37,45,97,9.46,RU,2022-09-16 18:20:01,overcast clouds
250,Bartica,6.4,-58.6167,91.72,44,75,3.22,GY,2022-09-16 18:20:02,broken clouds
251,Saint Anthony,45.0205,-93.218,75.65,65,40,13.8,US,2022-09-16 18:20:03,scattered clouds
252,Antalaha,-14.9003,50.2788,69.58,78,49,9.01,MG,2022-09-16 18:20:03,light rain
253,Kochevo,59.5994,54.3125,49.12,80,96,3.8,RU,2022-09-16 18:20:04,overcast clouds
254,Halifax,44.6453,-63.5724,66.45,46,40,19.57,CA,2022-09-16 18:15:10,scattered clouds
255,Glencoe,-28.1783,30.147,71.83,24,58,10.76,ZA,2022-09-16 18:20:04,broken clouds
256,Sergeyevka,53.88,67.4158,52.11,42,100,11.39,KZ,2022-09-16 18:20:04,overcast clouds
257,The Valley,18.217,-63.0578,87.82,65,20,16.11,AI,2022-09-16 18:20:05,few clouds
258,Sharjah,25.3573,55.4033,95.29,43,0,8.05,AE,2022-09-16 18:20:05,clear sky
259,Korcula,42.9622,17.1369,73.56,84,22,18.86,HR,2022-09-16 18:20:05,few clouds
260,Dalbandin,28.8947,64.4101,84.56,7,0,3.04,PK,2022-09-16 18:20:06,clear sky
261,Hamilton,39.1834,-84.5333,84.65,57,20,6.91,US,2022-09-16 18:15:23,few clouds
262,Colesberg,-30.72,25.0972,71.08,20,88,8.23,ZA,2022-09-16 18:20:06,overcast clouds
263,Mbuji-Mayi,-6.15,23.6,76.44,56,57,2.66,CD,2022-09-16 18:20:06,broken clouds
264,Simiti,7.9579,-73.9436,89.74,64,76,2.59,CO,2022-09-16 18:20:07,broken clouds
265,Markala,13.7021,-6.0659,84.16,64,90,2.35,ML,2022-09-16 18:20:07,overcast clouds
266,Hazorasp,41.3194,61.0742,64.24,39,100,15.86,UZ,2022-09-16 18:20:07,overcast clouds
267,Marawi,7.9986,124.2928,69.21,77,100,3.74,PH,2022-09-16 18:20:08,overcast clouds
268,Novozavidovskiy,56.55,36.4333,51.31,93,95,5.68,RU,2022-09-16 18:20:08,overcast clouds
269,Ponta Delgada,37.7333,-25.6667,75.92,88,20,12.66,PT,2022-09-16 18:20:09,few clouds
270,Mapiripan,2.8892,-72.1256,82.94,75,99,6.8,CO,2022-09-16 18:20:09,overcast clouds
271,Iguape,-24.7081,-47.5553,64.35,83,99,9.64,BR,2022-09-16 18:20:10,overcast clouds
272,Kolar,13.1333,78.1333,72.36,88,48,7.31,IN,2022-09-16 18:20:11,scattered clouds
273,Karasjok,69.4719,25.5112,43.83,96,100,19.77,NO,2022-09-16 18:20:12,overcast clouds
274,Luanda,-8.8368,13.2343,73.4,83,0,3.44,AO,2022-09-16 18:20:13,clear sky
275,El Alto,-4.2714,-81.2147,67.66,69,100,19.95,PE,2022-09-16 18:20:14,overcast clouds
276,Silale,55.4906,22.1814,51.17,91,66,13.87,LT,2022-09-16 18:20:14,light rain
277,Tornio,65.8481,24.1466,51.82,90,99,15.93,FI,2022-09-16 18:20:15,overcast clouds
278,Nara,34.6851,135.8049,80.49,61,99,9.28,JP,2022-09-16 18:20:15,overcast clouds
279,Pisco,-13.7,-76.2167,62.65,82,40,11.5,PE,2022-09-16 18:15:56,scattered clouds
280,Saint-Augustin,51.226,-58.6502,54.3,62,84,19.35,CA,2022-09-16 18:20:15,broken clouds
281,Farafangana,-22.8167,47.8333,70.03,82,6,13.27,MG,2022-09-16 18:20:15,light rain
282,Maniitsoq,65.4167,-52.9,45.48,91,97,9.13,GL,2022-09-16 18:20:16,overcast clouds
283,Santa Ana,33.7456,-117.8678,81.95,63,40,8.05,US,2022-09-16 18:20:16,scattered clouds
284,Wladyslawowo,54.7909,18.4009,54.95,83,96,21.05,PL,2022-09-16 18:20:17,overcast clouds
285,Ambanja,-13.6833,48.45,73.53,76,40,1.48,MG,2022-09-16 18:20:17,light rain
286,Boksburg,-26.212,28.2596,72.19,18,97,4.81,ZA,2022-09-16 18:20:18,overcast clouds
287,Moose Factory,51.2585,-80.6094,59.0,51,0,4.61,CA,2022-09-16 18:20:19,clear sky
288,Santa Cruz,-17.8,-63.1667,84.25,30,40,6.91,BO,2022-09-16 18:15:34,scattered clouds
289,Ananas,19.2466,-71.9557,90.81,39,63,4.25,HT,2022-09-16 18:20:20,broken clouds
290,Cutro,39.0353,16.9819,80.65,83,0,10.36,IT,2022-09-16 18:20:21,clear sky
291,Sal Rei,16.1833,-22.9167,82.6,74,75,16.11,CV,2022-09-16 18:20:22,broken clouds
292,Valkeala,60.9401,26.7979,52.2,93,100,4.61,FI,2022-09-16 18:20:22,light intensity shower rain
293,San Felipe,10.3399,-68.7425,88.5,58,79,4.21,VE,2022-09-16 18:20:23,broken clouds
294,Tolmachevo,54.9824,82.7363,37.38,87,0,2.24,RU,2022-09-16 18:20:23,clear sky
295,Zilupe,56.3862,28.1217,49.23,87,65,10.92,LV,2022-09-16 18:20:23,broken clouds
296,Kapoeta,4.7717,33.5903,83.34,39,86,4.74,SS,2022-09-16 18:20:24,overcast clouds
297,Razole,16.4833,81.8333,78.44,86,92,4.23,IN,2022-09-16 18:20:24,overcast clouds
298,Turbat,26.0023,63.044,85.48,60,0,3.56,PK,2022-09-16 18:20:25,clear sky
299,Oistins,13.0667,-59.5333,84.29,79,40,20.71,BB,2022-09-16 18:20:25,scattered clouds
300,Yar-Sale,66.8333,70.8333,49.68,83,100,9.17,RU,2022-09-16 18:20:25,overcast clouds
301,Ankazoabo,-22.2833,44.5167,72.79,49,41,7.43,MG,2022-09-16 18:20:25,scattered clouds
302,Bandarbeyla,9.4942,50.8122,77.97,81,80,28.95,SO,2022-09-16 18:20:26,broken clouds
303,Leshukonskoye,64.8989,45.7622,50.11,97,100,6.26,RU,2022-09-16 18:20:26,overcast clouds
304,Tobati,-25.25,-57.0667,84.27,18,0,4.03,PY,2022-09-16 18:20:27,clear sky
305,Mehriz,31.5917,54.4318,77.5,22,0,3.15,IR,2022-09-16 18:20:27,clear sky
306,Mayumba,-3.432,10.6554,75.11,85,98,6.31,GA,2022-09-16 18:20:28,overcast clouds
307,Amalapuram,16.5833,82.0167,78.64,86,89,4.32,IN,2022-09-16 18:20:29,overcast clouds
308,Paita,-5.0892,-81.1144,70.77,71,92,15.64,PE,2022-09-16 18:20:29,overcast clouds
309,Parana,-31.732,-60.5238,79.57,33,95,17.02,AR,2022-09-16 18:20:30,overcast clouds
310,Mingaora,34.7758,72.3625,69.04,86,1,5.75,PK,2022-09-16 18:20:30,clear sky
311,Karjat,18.9167,73.3333,74.89,97,100,3.62,IN,2022-09-16 18:20:31,overcast clouds
312,Sortavala,61.7053,30.6918,51.17,88,97,6.82,RU,2022-09-16 18:20:31,overcast clouds
313,Ferrol,43.4832,-8.2369,70.72,72,7,16.89,ES,2022-09-16 18:20:32,clear sky
314,Bereda,43.2686,-7.5406,64.42,88,17,7.14,ES,2022-09-16 18:20:32,few clouds
315,Rabo De Peixe,37.8,-25.5833,74.71,88,20,12.66,PT,2022-09-16 18:20:32,few clouds
316,Lucea,18.451,-78.1736,90.86,73,10,15.3,JM,2022-09-16 18:20:33,clear sky
317,Ganesti,46.3333,24.35,61.16,88,40,4.61,RO,2022-09-16 18:20:33,scattered clouds
318,Nador,35.174,-2.9287,78.87,53,0,6.91,MA,2022-09-16 18:20:33,clear sky
319,Kutum,14.2,24.6667,74.37,65,93,7.0,SD,2022-09-16 18:20:35,moderate rain
320,Zhezkazgan,47.8043,67.7144,56.14,24,52,10.4,KZ,2022-09-16 18:20:35,broken clouds
321,Puerto Ayora,-0.7393,-90.3518,76.96,87,80,3.0,EC,2022-09-16 18:20:35,broken clouds
322,Samarkand,39.6542,66.9597,69.22,28,24,11.5,UZ,2022-09-16 18:20:36,few clouds
323,Awbari,26.5921,12.7805,90.99,13,0,8.63,LY,2022-09-16 18:20:36,clear sky
324,Kamenka,51.3223,42.7678,60.84,94,100,5.77,RU,2022-09-16 18:20:37,overcast clouds
325,Kermanshah,34.3142,47.065,74.3,12,0,9.22,IR,2022-09-16 18:20:38,clear sky
326,Carbonia,39.1672,8.5222,81.25,80,82,7.54,IT,2022-09-16 18:20:38,broken clouds
327,Zyryanskoye,56.8306,86.6258,46.76,77,98,2.46,RU,2022-09-16 18:20:39,overcast clouds
328,Berlevag,70.8578,29.0864,46.35,81,75,19.57,NO,2022-09-16 18:20:40,broken clouds
329,Sargatskoye,55.6101,73.4972,48.33,56,9,5.01,RU,2022-09-16 18:20:40,clear sky
330,Nikki,9.9401,3.2108,75.04,89,99,5.66,BJ,2022-09-16 18:20:40,overcast clouds
331,Olden,61.8364,6.8064,50.74,98,100,4.25,NO,2022-09-16 18:20:41,overcast clouds
332,Priiskovyy,51.9333,116.6333,43.59,97,100,15.93,RU,2022-09-16 18:20:41,heavy intensity rain
333,Buchanan,5.8808,-10.0467,75.88,91,100,9.82,LR,2022-09-16 18:20:42,moderate rain
334,Punta Arenas,-53.15,-70.9167,44.71,49,40,24.16,CL,2022-09-16 18:20:42,scattered clouds
335,Stranda,62.3096,6.9358,52.61,93,100,3.98,NO,2022-09-16 18:20:42,light rain
336,Nikel,69.4128,30.222,46.58,95,100,18.03,RU,2022-09-16 18:20:42,overcast clouds
337,Tete,-16.1564,33.5867,82.08,30,4,5.99,MZ,2022-09-16 18:20:43,clear sky
338,Paratinga,-12.6906,-43.1842,102.13,12,0,1.54,BR,2022-09-16 18:20:43,clear sky
339,Lasa,46.6166,10.7002,63.48,86,96,5.19,IT,2022-09-16 18:20:43,overcast clouds
340,Shahreza,32.0339,51.8794,72.55,26,0,8.88,IR,2022-09-16 18:20:44,clear sky
341,Iracoubo,5.4802,-53.2011,85.32,71,40,11.88,GF,2022-09-16 18:20:44,scattered clouds
342,Svirstroy,60.7999,33.7248,46.92,97,80,4.18,RU,2022-09-16 18:20:44,broken clouds
343,Sheffield,53.383,-1.4659,57.15,55,74,1.99,GB,2022-09-16 18:19:10,broken clouds
344,Salinopolis,-0.6136,-47.3561,83.75,65,33,14.12,BR,2022-09-16 18:20:45,scattered clouds
345,Sawakin,19.1059,37.3321,88.56,56,9,7.34,SD,2022-09-16 18:20:45,clear sky
346,Richards Bay,-28.783,32.0377,73.99,60,0,13.71,ZA,2022-09-16 18:19:47,clear sky
347,Cap Malheureux,-19.9842,57.6142,71.47,71,5,8.01,MU,2022-09-16 18:20:46,clear sky
348,Hrob,50.6592,13.7268,52.29,87,65,10.0,CZ,2022-09-16 18:20:46,broken clouds
349,Phalaborwa,-23.943,31.1411,79.0,21,0,6.33,ZA,2022-09-16 18:20:47,clear sky
350,Vesoul,47.5833,5.8333,57.07,62,94,6.87,FR,2022-09-16 18:20:47,overcast clouds
351,Pokhara,28.2333,83.9833,70.72,84,100,1.61,NP,2022-09-16 18:20:48,overcast clouds
352,Tiznit,29.5833,-9.5,67.39,80,23,10.54,MA,2022-09-16 18:20:48,few clouds
353,Urucara,-2.5364,-57.76,102.16,24,43,6.38,BR,2022-09-16 18:20:49,scattered clouds
354,Honningsvag,70.9821,25.9704,46.15,87,100,19.57,NO,2022-09-16 18:20:49,light rain
355,Hobyo,5.3505,48.5268,76.95,86,66,23.8,SO,2022-09-16 18:20:50,broken clouds
356,Riyadh,24.6877,46.7219,91.54,15,4,10.02,SA,2022-09-16 18:16:41,clear sky
357,Bardiyah,31.7561,25.0865,75.67,47,0,7.4,LY,2022-09-16 18:20:51,clear sky
358,Saint-Leu,-21.15,55.2833,68.86,74,63,6.55,RE,2022-09-16 18:20:51,broken clouds
359,Dubai,25.2582,55.3047,95.25,49,0,8.05,AE,2022-09-16 18:20:51,clear sky
360,Ghanzi,-21.5667,21.7833,68.94,13,0,9.04,BW,2022-09-16 18:20:53,clear sky
361,Puerto Del Rosario,28.5004,-13.8627,78.55,61,40,21.85,ES,2022-09-16 18:20:53,scattered clouds
362,Sikasso,10.9167,-7.0,80.08,82,64,2.55,ML,2022-09-16 18:20:53,light rain
363,Monrovia,6.3005,-10.7969,78.57,86,95,11.27,LR,2022-09-16 18:20:54,light rain
364,Aksu,41.1231,80.2644,71.15,26,2,4.65,CN,2022-09-16 18:17:29,clear sky
365,Killybegs,54.6333,-8.45,55.11,66,20,11.88,IE,2022-09-16 18:20:54,few clouds
366,Shu,43.5983,73.7614,61.38,23,72,2.89,KZ,2022-09-16 18:20:54,broken clouds
367,Ofaqim,31.3141,34.6203,73.71,60,0,10.11,IL,2022-09-16 18:20:55,clear sky
368,Muscat,23.6139,58.5922,93.22,46,40,4.97,OM,2022-09-16 18:17:09,scattered clouds
369,Camana,-16.6228,-72.7111,64.62,69,3,8.16,PE,2022-09-16 18:20:55,clear sky
370,Bandundu,-3.3167,17.3667,84.63,52,75,1.14,CD,2022-09-16 18:20:56,light rain
371,Ayni,39.3941,68.5377,64.04,38,86,1.74,TJ,2022-09-16 18:20:57,overcast clouds
372,Meulaboh,4.1363,96.1285,76.06,88,87,2.53,ID,2022-09-16 18:17:14,overcast clouds
373,Abnub,27.2696,31.1511,83.75,28,0,7.47,EG,2022-09-16 18:20:57,clear sky
374,Tupi Paulista,-21.3811,-51.5706,85.42,28,59,9.28,BR,2022-09-16 18:20:58,broken clouds
375,Taoudenni,22.6783,-3.9836,105.6,9,0,10.85,ML,2022-09-16 18:20:58,clear sky
376,Aswan,24.0934,32.907,88.97,16,7,12.64,EG,2022-09-16 18:20:59,clear sky
377,Izhma,65.0083,53.9113,51.93,77,98,6.91,RU,2022-09-16 18:20:59,overcast clouds
378,Pimentel,-6.8367,-79.9342,70.09,64,0,11.5,PE,2022-09-16 18:21:00,clear sky
379,Bauchi,10.5,10.0,73.98,88,100,5.82,NG,2022-09-16 18:21:00,light rain
380,Aktas,49.7789,72.9608,29.95,44,100,12.8,KZ,2022-09-16 18:21:01,overcast clouds
381,Muros,42.7762,-9.0603,77.16,69,21,10.76,ES,2022-09-16 18:21:01,few clouds
382,Beboto,8.2668,16.939,72.82,93,82,1.16,TD,2022-09-16 18:21:01,moderate rain
383,Tutoia,-2.7619,-42.2744,82.78,70,26,15.14,BR,2022-09-16 18:21:01,scattered clouds
384,Adre,13.4667,22.2,74.01,77,100,7.99,TD,2022-09-16 18:21:02,light rain
385,Tucuma,-0.1833,-50.05,89.98,54,61,8.48,BR,2022-09-16 18:21:02,broken clouds
386,Alta,69.9689,23.2717,49.26,81,75,16.11,NO,2022-09-16 18:21:02,broken clouds
387,Marystown,47.1666,-55.1483,60.78,76,71,27.65,CA,2022-09-16 18:21:03,broken clouds
388,Tenenkou,14.4572,-4.9169,88.45,49,70,10.92,ML,2022-09-16 18:21:03,light rain
389,Sinnamary,5.3833,-52.95,86.36,67,41,12.3,GF,2022-09-16 18:21:03,scattered clouds
390,Le Locle,47.0595,6.7523,53.29,81,40,4.61,CH,2022-09-16 18:21:04,scattered clouds
391,Husavik,66.0449,-17.3389,47.32,73,92,2.46,IS,2022-09-16 18:21:04,overcast clouds
392,Usinsk,65.9939,57.5281,53.19,74,100,12.71,RU,2022-09-16 18:21:04,overcast clouds
393,Odesskoye,54.2111,72.9651,49.68,51,5,7.85,RU,2022-09-16 18:21:05,clear sky
394,Senj,44.9894,14.9058,69.15,93,95,9.35,HR,2022-09-16 18:21:05,overcast clouds
395,Puerto Colombia,10.9878,-74.9547,89.69,68,88,2.98,CO,2022-09-16 18:21:06,overcast clouds
396,Axim,4.8699,-2.2405,76.66,84,94,7.76,GH,2022-09-16 18:21:06,overcast clouds
397,Verdun,49.25,5.3333,52.16,85,95,9.89,FR,2022-09-16 18:16:18,overcast clouds
398,Itarema,-2.9248,-39.9167,84.65,63,33,18.86,BR,2022-09-16 18:21:07,scattered clouds
399,Biltine,14.5333,20.9167,78.75,75,99,10.04,TD,2022-09-16 18:21:08,moderate rain
400,Kaka,37.3482,59.6143,77.13,37,8,5.73,TM,2022-09-16 18:18:07,clear sky
401,Garoua,9.3,13.4,74.53,91,97,5.95,CM,2022-09-16 18:21:09,overcast clouds
402,Dvinskoy,62.1535,45.1175,49.71,98,97,6.4,RU,2022-09-16 18:21:09,overcast clouds
403,Beloha,-25.1667,45.05,72.21,69,33,7.4,MG,2022-09-16 18:21:09,scattered clouds
404,Sumbe,-11.2061,13.8437,72.41,83,59,7.49,AO,2022-09-16 18:20:10,broken clouds
405,Viedma,-40.8135,-62.9967,77.07,19,100,17.83,AR,2022-09-16 18:21:10,overcast clouds
406,Inta,66.0317,60.1659,53.71,69,100,10.29,RU,2022-09-16 18:21:10,overcast clouds
407,Harper,4.375,-7.7169,77.22,83,93,12.01,LR,2022-09-16 18:21:11,overcast clouds
408,Laureles,26.1092,-97.4941,91.38,64,75,10.36,US,2022-09-16 18:21:11,broken clouds
409,Mbanza-Ngungu,-5.25,14.8667,77.18,59,72,5.99,CD,2022-09-16 18:21:11,broken clouds
410,Santa Isabel Do Rio Negro,-0.4139,-65.0192,86.72,67,72,2.71,BR,2022-09-16 18:21:13,heavy intensity rain
411,Tazovskiy,67.4667,78.7,38.43,68,100,10.31,RU,2022-09-16 18:21:13,overcast clouds
412,Frontino,6.7801,-76.1288,76.1,68,100,3.29,CO,2022-09-16 18:21:13,overcast clouds
413,Gualeguaychu,-33.0094,-58.5172,73.94,40,71,16.35,AR,2022-09-16 18:21:14,broken clouds
414,Iskateley,67.6803,53.1512,49.96,93,100,10.18,RU,2022-09-16 18:21:15,light rain
415,Khorramshahr,30.4397,48.1664,89.56,23,0,11.5,IR,2022-09-16 18:21:15,clear sky
416,Roxana,10.2753,-83.7513,88.2,59,93,1.92,CR,2022-09-16 18:21:15,overcast clouds
417,Gat,31.61,34.7642,79.48,100,0,8.39,IL,2022-09-16 18:21:16,clear sky
418,Upata,8.0086,-62.3989,91.18,52,49,5.7,VE,2022-09-16 18:21:17,scattered clouds
419,Yabrud,33.9674,36.6574,69.6,33,0,3.02,SY,2022-09-16 18:21:17,clear sky
420,Ambato,-1.2491,-78.6168,64.8,68,75,7.0,EC,2022-09-16 18:20:27,broken clouds
421,Srivardhan,18.0333,73.0167,77.88,89,100,7.4,IN,2022-09-16 18:21:18,overcast clouds
422,Huarmey,-10.0681,-78.1522,68.07,73,77,10.18,PE,2022-09-16 18:21:19,broken clouds
423,Tefe,-3.3542,-64.7114,91.51,58,75,6.91,BR,2022-09-16 18:21:19,broken clouds
424,Ust-Koksa,50.2696,85.6108,32.29,87,53,1.28,RU,2022-09-16 18:21:19,broken clouds
425,Tbilisskaya,45.3633,40.19,72.36,37,95,9.6,RU,2022-09-16 18:21:19,overcast clouds
426,Gambissara,13.2382,-14.3108,86.05,76,90,5.23,SN,2022-09-16 18:21:20,overcast clouds
427,Brodnica,53.2597,19.3965,56.25,52,58,16.08,PL,2022-09-16 18:21:20,broken clouds
428,Filadelfia,39.9523,-75.1638,79.11,48,40,1.99,US,2022-09-16 18:16:48,scattered clouds
429,Roald,62.5833,6.1333,53.76,87,75,17.27,NO,2022-09-16 18:21:20,broken clouds
430,Tahta,26.7693,31.5021,84.88,26,0,7.74,EG,2022-09-16 18:21:21,clear sky
431,Coquimbo,-29.9533,-71.3436,56.93,82,100,5.75,CL,2022-09-16 18:21:21,overcast clouds
432,Troitskoye,52.9821,84.6757,44.15,68,84,7.16,RU,2022-09-16 18:21:23,broken clouds
433,Nuuk,64.1835,-51.7216,52.41,82,75,6.91,GL,2022-09-16 18:18:15,broken clouds
434,Buraydah,26.326,43.975,93.65,15,1,11.43,SA,2022-09-16 18:17:05,clear sky
435,Viransehir,37.2353,39.7631,85.03,15,0,6.82,TR,2022-09-16 18:21:25,clear sky
436,Cajaruro,-5.7364,-78.4256,86.4,52,86,6.62,PE,2022-09-16 18:21:25,light rain
437,Marsaxlokk,35.8419,14.5431,81.09,78,0,8.05,MT,2022-09-16 18:21:26,clear sky
438,Tolstoy-Yurt,43.4444,45.7722,71.92,60,0,6.71,RU,2022-09-16 18:21:26,clear sky
439,Choma,-16.8065,26.9531,66.09,35,0,3.0,ZM,2022-09-16 18:19:11,clear sky
440,Ciudad Guayana,8.3533,-62.6528,94.51,58,74,3.51,VE,2022-09-16 18:21:27,broken clouds
441,Matagami,49.7502,-77.6328,53.71,58,40,2.3,CA,2022-09-16 18:21:27,scattered clouds
442,Dudinka,69.4058,86.1778,31.14,80,34,3.02,RU,2022-09-16 18:21:28,scattered clouds
443,Batticaloa,7.7102,81.6924,80.82,79,58,1.23,LK,2022-09-16 18:21:29,broken clouds
444,Lixourion,38.2019,20.4314,77.0,83,20,0.0,GR,2022-09-16 18:21:29,few clouds
445,Mogadishu,2.0371,45.3438,76.46,83,55,16.44,SO,2022-09-16 18:21:29,light rain
446,Sabalgarh,26.25,77.4,75.38,92,73,5.68,IN,2022-09-16 18:21:29,broken clouds
447,Ngama,11.7833,17.1667,77.52,82,92,0.45,TD,2022-09-16 18:21:30,moderate rain
448,Marysville,48.0518,-122.1771,63.97,72,100,9.22,US,2022-09-16 18:21:30,overcast clouds
449,Cruzilia,-21.8386,-44.8083,63.59,80,99,4.81,BR,2022-09-16 18:21:30,overcast clouds
450,Tessalit,20.1986,1.0114,100.33,12,90,11.79,ML,2022-09-16 18:17:20,overcast clouds
451,Qena,26.1615,32.7183,86.49,21,1,12.41,EG,2022-09-16 18:21:31,clear sky
452,Luena,-11.7833,19.9167,71.19,27,28,3.51,AO,2022-09-16 18:21:31,scattered clouds
453,Ushtobe,45.2514,77.9838,52.34,33,54,16.37,KZ,2022-09-16 18:21:31,broken clouds
454,Mount Pleasant,32.7941,-79.8626,86.0,53,0,12.66,US,2022-09-16 18:21:32,clear sky
455,Union,40.6334,-74.2663,78.67,37,0,8.05,US,2022-09-16 18:21:32,smoke
456,Bavleny,56.4,39.56,52.47,93,93,10.31,RU,2022-09-16 18:21:33,overcast clouds
457,Rawson,-43.3002,-65.1023,50.5,49,100,18.99,AR,2022-09-16 18:21:33,overcast clouds
458,Dovers,12.8833,-61.1833,85.59,73,94,10.38,VC,2022-09-16 18:21:33,overcast clouds
459,Cururupu,-1.8283,-44.8683,84.74,63,71,8.1,BR,2022-09-16 18:21:34,broken clouds
460,Kyshtovka,56.555,76.6271,52.41,61,100,3.74,RU,2022-09-16 18:21:34,overcast clouds
461,Hambantota,6.1241,81.1185,78.57,80,42,15.61,LK,2022-09-16 18:21:35,scattered clouds
462,Awjilah,29.1081,21.2869,85.91,24,0,7.14,LY,2022-09-16 18:21:35,clear sky
463,Okakarara,-20.5833,17.4333,71.46,14,1,8.34,NA,2022-09-16 18:21:36,clear sky
464,Krasnoselkup,65.7,82.4667,40.59,69,100,9.73,RU,2022-09-16 18:21:36,overcast clouds
465,Staryy Nadym,65.6118,72.6842,52.66,72,100,7.85,RU,2022-09-16 18:21:37,overcast clouds
466,Tombouctou,20.0,-3.0,104.88,11,5,8.95,ML,2022-09-16 18:21:38,clear sky
467,Coari,-4.085,-63.1414,97.16,35,97,1.32,BR,2022-09-16 18:21:38,overcast clouds
468,Porto Recanati,43.4365,13.6613,77.31,38,52,9.01,IT,2022-09-16 18:21:38,broken clouds
469,Sfantu Gheorghe,45.8667,25.7833,63.27,78,100,2.75,RO,2022-09-16 18:21:38,light rain
470,Warmbad,-28.45,18.7333,72.75,21,45,9.82,NA,2022-09-16 18:21:39,scattered clouds
471,Benghazi,32.1167,20.0667,79.57,56,0,10.63,LY,2022-09-16 18:21:39,clear sky
472,Beni Suef,29.0731,31.0979,82.04,26,0,6.89,EG,2022-09-16 18:21:39,clear sky
473,Olafsvik,64.8945,-23.7142,49.28,77,100,6.82,IS,2022-09-16 18:21:39,overcast clouds
474,Mitsamiouli,-11.3847,43.2844,73.69,83,20,5.75,KM,2022-09-16 18:21:40,few clouds
475,Puerto Suarez,-18.95,-57.8,90.16,42,75,11.5,BO,2022-09-16 18:21:40,broken clouds
476,Sao Felix Do Xingu,-6.6447,-51.995,101.79,21,95,2.13,BR,2022-09-16 18:21:40,overcast clouds
477,Manakara,-22.1333,48.0167,69.15,84,6,9.17,MG,2022-09-16 18:21:41,light rain
478,Naifaru,5.4444,73.3657,81.18,72,9,5.93,MV,2022-09-16 18:21:41,clear sky
479,Panaba,21.2833,-88.2667,91.17,54,57,5.5,MX,2022-09-16 18:21:42,broken clouds
480,Bet Shemesh,31.7496,34.9888,77.65,100,0,4.43,IL,2022-09-16 18:21:42,clear sky
481,Otukpo,7.1913,8.1329,73.99,94,98,5.19,NG,2022-09-16 18:21:43,light rain
482,Henties Bay,-22.116,14.2845,57.7,90,6,8.79,NA,2022-09-16 18:21:43,clear sky
483,Sur,22.5667,59.5289,89.46,52,15,8.93,OM,2022-09-16 18:19:31,few clouds
484,Haverhill,42.7762,-71.0773,72.99,47,0,12.66,US,2022-09-16 18:19:20,clear sky
485,San Bartolome De Tirajana,27.9248,-15.5733,70.27,73,20,20.71,ES,2022-09-16 18:21:44,few clouds
486,Aberfoyle,-30.2667,152.0167,44.64,60,100,4.45,AU,2022-09-16 18:21:45,overcast clouds
487,Little Current,45.9793,-81.9248,60.85,82,100,14.34,CA,2022-09-16 18:20:59,overcast clouds
488,Mustvee,58.8486,26.9397,49.06,93,98,8.84,EE,2022-09-16 18:21:46,overcast clouds
489,Arak,34.0917,49.6892,61.56,34,0,6.91,IR,2022-09-16 18:21:47,clear sky
490,Ancud,-41.8697,-73.8203,47.23,50,100,7.45,CL,2022-09-16 18:21:47,overcast clouds
491,Hellvik,59.9156,5.781,56.77,79,61,15.01,NO,2022-09-16 18:21:47,broken clouds
492,Moissala,8.3404,17.7663,73.44,91,100,1.79,TD,2022-09-16 18:21:48,light rain
493,Khlevnoye,52.1951,39.0932,60.82,92,97,7.96,RU,2022-09-16 18:21:48,overcast clouds
494,Mizdah,31.4451,12.9801,84.22,16,0,4.68,LY,2022-09-16 18:21:48,clear sky
495,Savasleyka,55.4606,42.3207,56.14,75,100,6.46,RU,2022-09-16 18:21:49,moderate rain
496,Sembe,1.6481,14.5806,71.62,97,94,4.5,CG,2022-09-16 18:21:49,moderate rain
497,Saquarema,-22.92,-42.5103,62.74,91,100,8.46,BR,2022-09-16 18:20:37,light rain
498,Libreville,0.3925,9.4537,76.5,83,100,8.95,GA,2022-09-16 18:21:49,overcast clouds
499,Comodoro Rivadavia,-45.8667,-67.5,48.06,49,0,8.05,AR,2022-09-16 18:18:44,clear sky
500,Paso De Los Toros,-32.8167,-56.5167,69.55,59,1,17.05,UY,2022-09-16 18:18:43,clear sky
501,Lafiagi,8.8667,5.4167,78.01,87,95,4.18,NG,2022-09-16 18:21:50,overcast clouds
502,Goderich,43.7501,-81.7165,71.92,73,100,4.61,CA,2022-09-16 18:21:50,overcast clouds
503,Boyabat,41.4689,34.7667,74.77,45,37,1.07,TR,2022-09-16 18:21:50,scattered clouds
504,Bhag,29.0415,67.8239,93.34,29,0,8.1,PK,2022-09-16 18:21:51,clear sky
505,Levokumskoye,44.8219,44.6606,73.31,40,72,8.48,RU,2022-09-16 18:21:51,broken clouds
506,Torquay,50.4638,-3.5143,60.28,64,16,8.01,GB,2022-09-16 18:21:52,few clouds
507,Vallenar,-28.5708,-70.7581,72.45,34,100,7.76,CL,2022-09-16 18:18:11,overcast clouds
508,Aracati,-4.5617,-37.7697,86.54,52,7,16.22,BR,2022-09-16 18:21:53,clear sky
509,Plettenberg Bay,-34.0527,23.3716,60.17,79,80,8.46,ZA,2022-09-16 18:21:52,broken clouds
510,Ilo,-17.6394,-71.3375,63.46,72,0,10.36,PE,2022-09-16 18:21:53,clear sky
511,Mumford,5.2618,-0.759,76.37,88,42,9.13,GH,2022-09-16 18:21:54,scattered clouds
512,Tibati,6.4667,12.6333,67.93,94,97,2.57,CM,2022-09-16 18:21:54,moderate rain
513,Muli,2.9167,73.5667,81.18,67,5,4.5,MV,2022-09-16 18:21:55,clear sky
514,Lima,-12.0432,-77.0282,61.05,72,100,9.22,PE,2022-09-16 18:20:12,overcast clouds
515,Lisakovsk,52.5369,62.4936,53.96,35,9,12.53,KZ,2022-09-16 18:21:55,clear sky
516,Soyo,-6.1349,12.3689,74.07,84,66,8.5,AO,2022-09-16 18:21:56,broken clouds
517,Comrat,46.3003,28.6572,71.78,56,99,3.74,MD,2022-09-16 18:21:56,overcast clouds
518,Tromso,69.6496,18.957,48.22,81,75,14.97,NO,2022-09-16 18:21:56,broken clouds
519,Muravlenko,63.7898,74.523,49.17,72,93,9.42,RU,2022-09-16 18:21:57,overcast clouds
520,Oulainen,64.2667,24.8,49.8,98,74,7.49,FI,2022-09-16 18:21:57,broken clouds
521,Mayuge,0.4597,33.4803,68.65,73,74,4.25,UG,2022-09-16 18:21:57,broken clouds
522,Gemena,3.25,19.7667,75.31,78,77,1.5,CD,2022-09-16 18:21:58,light rain
523,Faya,18.3851,42.4509,69.91,40,66,3.58,SA,2022-09-16 18:21:58,broken clouds
524,Nurota,40.5614,65.6886,70.59,18,78,5.28,UZ,2022-09-16 18:21:58,broken clouds
525,Ajdabiya,30.7554,20.2263,78.51,56,0,7.72,LY,2022-09-16 18:21:59,clear sky
526,Curaca,-8.9903,-39.9094,94.41,14,0,11.45,BR,2022-09-16 18:21:59,clear sky
527,Rocha,-34.4833,-54.3333,69.08,52,1,13.44,UY,2022-09-16 18:21:59,clear sky
528,Praia Da Vitoria,38.7333,-27.0667,79.05,73,20,10.36,PT,2022-09-16 18:22:00,few clouds
529,Jena,50.9333,11.5833,55.15,65,75,12.59,DE,2022-09-16 18:20:11,broken clouds
530,Ibra,22.6906,58.5334,87.82,39,51,6.13,OM,2022-09-16 18:22:01,broken clouds
531,Turukhansk,65.8167,87.9833,32.23,74,58,4.03,RU,2022-09-16 18:21:19,broken clouds
532,Korla,41.7597,86.1469,71.08,20,31,9.15,CN,2022-09-16 18:22:01,scattered clouds
533,Raga,8.4596,25.678,69.84,97,99,3.91,SS,2022-09-16 18:17:32,overcast clouds
534,Terenos,-20.4422,-54.8603,82.11,39,40,9.22,BR,2022-09-16 18:22:02,scattered clouds
535,Bugulma,54.55,52.8,52.23,72,82,4.27,RU,2022-09-16 18:22:03,broken clouds
536,Sennoy,52.1509,46.9631,57.09,94,99,4.7,RU,2022-09-16 18:22:03,overcast clouds
537,Adrar,20.5022,-10.0711,96.48,16,2,14.7,MR,2022-09-16 18:22:04,clear sky
538,Los Llanos De Aridane,28.6585,-17.9182,74.95,87,20,13.8,ES,2022-09-16 18:22:04,few clouds
539,Montalvo,-1.8,-79.3333,86.83,52,100,4.54,EC,2022-09-16 18:22:04,overcast clouds
540,Loughrea,53.1969,-8.5669,54.21,72,67,7.0,IE,2022-09-16 18:22:05,broken clouds
541,Kachiry,53.0675,76.1036,48.42,52,11,8.41,KZ,2022-09-16 18:22:05,few clouds
542,Shubarshi,48.5872,57.1869,61.25,72,100,8.48,KZ,2022-09-16 18:22:06,light rain
543,Porto Novo,6.4965,2.6036,78.62,83,64,8.37,BJ,2022-09-16 18:22:06,broken clouds
544,Vuktyl,63.8567,57.3094,53.31,69,100,7.61,RU,2022-09-16 18:22:07,overcast clouds
545,Nardaran,40.5561,50.0056,73.04,83,20,9.22,AZ,2022-09-16 18:22:07,few clouds
546,Jijiga,9.35,42.8,67.86,62,52,15.55,ET,2022-09-16 18:22:08,broken clouds
547,Montepuez,-13.1256,38.9997,72.07,51,27,9.22,MZ,2022-09-16 18:22:08,scattered clouds
548,Kollam,8.8833,76.6,77.79,88,25,10.8,IN,2022-09-16 18:22:08,scattered clouds
549,Qaqortoq,60.7167,-46.0333,52.39,83,100,8.57,GL,2022-09-16 18:22:08,light rain
550,Lumeje,-11.55,20.7833,78.82,22,59,3.22,AO,2022-09-16 18:22:09,broken clouds
551,Uelzen,52.9667,10.5667,53.49,93,71,15.5,DE,2022-09-16 18:22:10,light rain
552,Cape Canaveral,28.4058,-80.6048,87.85,70,20,12.66,US,2022-09-16 18:22:10,few clouds
553,Xanlar,40.5869,46.3158,71.11,33,20,2.3,AZ,2022-09-16 18:22:10,few clouds
554,Nouakchott,18.0858,-15.9785,89.53,59,0,10.45,MR,2022-09-16 18:22:11,clear sky
555,Kibaya,-5.3,36.5667,62.29,65,63,9.19,TZ,2022-09-16 18:22:11,broken clouds
556,Santa Ines,-3.6667,-45.38,87.08,53,87,6.64,BR,2022-09-16 18:22:12,overcast clouds
557,Abu Dhabi,24.4667,54.3667,95.02,54,0,10.36,AE,2022-09-16 18:19:35,clear sky
558,Piacabucu,-10.4056,-36.4344,79.14,62,68,9.17,BR,2022-09-16 18:22:14,broken clouds
559,Zhanaozen,43.3,52.8,71.24,33,95,8.28,KZ,2022-09-16 18:22:14,overcast clouds
560,Jibuti,11.5,42.5,94.78,29,16,1.92,DJ,2022-09-16 18:22:15,few clouds
561,Bodden Town,19.2833,-81.25,89.92,66,40,12.66,KY,2022-09-16 18:22:15,scattered clouds
562,Dhidhdhoo,6.8833,73.1,81.28,74,27,6.64,MV,2022-09-16 18:22:16,scattered clouds
563,Pindushi,62.9152,34.58,50.67,97,100,5.32,RU,2022-09-16 18:22:16,overcast clouds
564,Calabozo,8.9242,-67.4293,88.95,62,98,2.24,VE,2022-09-16 18:22:16,overcast clouds
565,Brae,60.3964,-1.353,49.44,71,99,25.52,GB,2022-09-16 18:22:17,light rain
566,Kuybyshevo,47.8123,38.9073,68.49,91,100,2.66,RU,2022-09-16 18:22:17,light rain
567,Andenes,69.3143,16.1194,51.93,87,75,14.97,NO,2022-09-16 18:18:16,broken clouds
568,Kangaatsiaq,68.3065,-53.4641,38.19,94,100,12.86,GL,2022-09-16 18:22:17,overcast clouds
569,Paamiut,61.994,-49.6678,47.19,99,100,4.38,GL,2022-09-16 18:22:18,light rain
570,Asosa,10.0667,34.5333,60.8,97,96,2.44,ET,2022-09-16 18:22:18,moderate rain
571,Krutinka,56.0055,71.5113,48.78,57,7,9.06,RU,2022-09-16 18:22:18,clear sky
572,Chitral,35.8462,71.7858,71.49,52,21,2.26,PK,2022-09-16 18:22:18,few clouds
573,Lannion,48.75,-3.4167,59.68,72,0,5.75,FR,2022-09-16 18:22:19,clear sky
574,Jonkoping,57.7814,14.1562,53.38,82,75,6.91,SE,2022-09-16 18:22:19,broken clouds
575,Bonanza,14.0289,-84.591,80.8,87,92,3.29,NI,2022-09-16 18:22:20,overcast clouds
576,Stonehaven,56.9637,-2.2118,50.52,79,87,18.7,GB,2022-09-16 18:22:20,overcast clouds
577,Igrim,63.1906,64.4162,52.54,59,100,7.74,RU,2022-09-16 18:22:21,overcast clouds
578,Diebougou,10.9667,-3.25,75.07,87,92,1.92,BF,2022-09-16 18:22:21,overcast clouds
579,Alta Floresta,-9.8756,-56.0861,96.62,36,20,3.44,BR,2022-09-16 18:22:22,smoke
580,Lusambo,-4.9667,23.45,75.49,74,54,1.28,CD,2022-09-16 18:22:22,broken clouds
581,Mananjary,-21.2167,48.3333,68.58,87,10,7.9,MG,2022-09-16 18:22:23,light rain
582,Grand-Bourg,15.8835,-61.3148,82.6,80,94,14.67,GP,2022-09-16 18:22:23,overcast clouds
583,Corinto,37.9407,22.9573,78.89,62,2,3.29,GR,2022-09-16 18:22:23,clear sky
584,Aras,42.5617,-2.356,64.81,52,0,9.22,ES,2022-09-16 18:22:24,clear sky
585,Portsmouth,50.799,-1.0913,59.92,69,87,5.01,GB,2022-09-16 18:22:24,overcast clouds
586,Mwinilunga,-11.7358,24.4293,73.94,32,41,5.84,ZM,2022-09-16 18:22:25,scattered clouds
587,Maceio,-9.6658,-35.7353,83.64,54,20,13.8,BR,2022-09-16 18:22:25,few clouds
588,Mehran,33.1222,46.1646,87.22,15,0,10.38,IR,2022-09-16 18:22:25,clear sky
589,Hofn,64.2539,-15.2082,48.22,81,0,3.44,IS,2022-09-16 18:22:26,clear sky
590,Marsa Matruh,31.3525,27.2453,75.61,57,0,6.82,EG,2022-09-16 18:22:27,clear sky
591,Eluru,16.7,81.1,82.49,80,93,5.35,IN,2022-09-16 18:22:27,overcast clouds
592,Chupa,66.27,33.0549,49.89,98,100,10.0,RU,2022-09-16 18:22:28,light rain
593,Barcelos,41.5388,-8.6151,75.92,74,7,4.12,PT,2022-09-16 18:22:28,clear sky
594,Badarwas,24.9667,77.5667,75.04,87,71,7.43,IN,2022-09-16 18:22:28,broken clouds
595,Deskati,39.9225,21.8028,72.36,35,22,3.89,GR,2022-09-16 18:22:29,few clouds
596,Kintampo,8.0563,-1.7306,72.54,94,100,3.87,GH,2022-09-16 18:22:29,light rain
597,Santa Marta,11.2408,-74.199,89.89,65,97,1.01,CO,2022-09-16 18:22:30,overcast clouds
598,Wawa,9.9022,4.4192,76.75,87,97,4.16,NG,2022-09-16 18:22:30,overcast clouds
599,Jam Sahib,26.2958,68.6292,83.05,69,0,16.35,PK,2022-09-16 18:22:30,clear sky
600,Port-Cartier,50.0334,-66.8654,50.76,62,100,17.74,CA,2022-09-16 18:22:31,light rain
601,Bom Jardim,-7.7958,-35.5872,82.11,44,14,13.24,BR,2022-09-16 18:22:31,few clouds
602,Stromness,58.965,-3.296,49.96,83,98,17.0,GB,2022-09-16 18:22:32,overcast clouds
603,Lodeynoye Pole,60.726,33.5531,47.37,96,70,4.41,RU,2022-09-16 18:22:32,broken clouds
604,Butterworth,5.3991,100.3638,79.0,92,20,2.3,MY,2022-09-16 18:22:33,few clouds
605,Cabedelo,-6.9811,-34.8339,83.07,60,63,12.28,BR,2022-09-16 18:22:33,broken clouds
606,Najran,17.4924,44.1277,86.65,19,98,3.87,SA,2022-09-16 18:22:34,overcast clouds
607,Boueni,-12.9025,45.0761,71.58,69,2,4.97,YT,2022-09-16 18:22:34,clear sky
608,Maxixe,-23.8597,35.3472,69.06,80,0,8.23,MZ,2022-09-16 18:22:34,clear sky
609,Varnamo,57.186,14.04,54.05,79,85,4.0,SE,2022-09-16 18:22:35,overcast clouds
610,Afua,-0.1567,-50.3867,90.77,51,55,8.28,BR,2022-09-16 18:22:35,broken clouds
611,Letlhakeng,-24.0944,25.0298,69.93,21,0,7.92,BW,2022-09-16 18:22:35,clear sky
612,Oksovskiy,62.6062,39.8984,52.03,93,99,8.84,RU,2022-09-16 18:22:35,light rain
613,Neuquen,-38.9516,-68.0591,76.89,16,0,4.61,AR,2022-09-16 18:20:20,clear sky
614,Portree,57.4129,-6.1942,50.52,74,90,8.59,GB,2022-09-16 18:22:36,overcast clouds
615,Milove,49.3787,40.1302,62.62,95,100,7.54,UA,2022-09-16 18:22:36,light rain
616,Zernograd,46.8452,40.3083,74.3,53,93,13.27,RU,2022-09-16 18:22:36,overcast clouds
617,Moroni,-11.7022,43.2551,73.4,83,20,5.75,KM,2022-09-16 18:22:37,few clouds
618,Lagos,6.5833,3.75,80.92,86,87,5.82,NG,2022-09-16 18:18:42,overcast clouds
619,Kayankulam,9.1833,76.5,78.96,89,11,7.63,IN,2022-09-16 18:22:37,few clouds
620,Ambovombe,-25.1667,46.0833,70.25,77,1,8.48,MG,2022-09-16 18:22:37,clear sky
621,Kolosovka,56.4678,73.611,52.09,54,85,5.75,RU,2022-09-16 18:22:38,overcast clouds
622,Uri,34.0833,74.0333,63.84,94,13,1.48,IN,2022-09-16 18:22:38,few clouds
623,Uvira,-3.4067,29.1458,78.62,59,39,2.8,CD,2022-09-16 18:22:39,scattered clouds
624,Bokoro,12.3807,17.0568,81.54,66,82,5.73,TD,2022-09-16 18:22:39,light rain
625,Alekseyevka,50.6309,38.6903,60.31,95,95,6.89,RU,2022-09-16 18:22:39,overcast clouds
626,Komsomolets,53.7453,62.0708,54.01,37,31,14.25,KZ,2022-09-16 18:22:40,scattered clouds
627,Khomeyn,33.6423,50.0789,70.09,21,0,3.67,IR,2022-09-16 18:22:40,clear sky
628,Bull Savanna,17.8868,-77.5902,85.86,57,24,6.13,JM,2022-09-16 18:22:41,few clouds
629,Ipixuna,-1.7625,-48.8043,89.02,54,86,5.88,BR,2022-09-16 18:22:42,overcast clouds
630,Kankon,15.0167,74.0167,78.6,89,100,9.13,IN,2022-09-16 18:22:42,overcast clouds
631,Ruyigi,-3.45,30.3167,73.42,41,85,2.62,BI,2022-09-16 18:22:42,overcast clouds
632,Nieuw Amsterdam,5.8833,-55.0833,95.02,56,40,5.75,SR,2022-09-16 18:22:43,scattered clouds
633,Primorsk,46.7348,36.3443,68.22,81,66,7.72,UA,2022-09-16 18:22:44,broken clouds
634,El Vendrell,41.2167,1.5333,80.17,72,30,13.65,ES,2022-09-16 18:22:44,scattered clouds
635,Pulaski,34.7668,-92.3001,87.17,48,75,5.75,US,2022-09-16 18:22:44,broken clouds
636,Grindavik,63.8424,-22.4338,49.95,81,100,5.75,IS,2022-09-16 18:21:19,overcast clouds
637,Zlocieniec,53.5329,16.0113,50.7,88,83,9.4,PL,2022-09-16 18:22:44,broken clouds
638,Altamira,-3.2033,-52.2064,102.65,23,29,5.21,BR,2022-09-16 18:22:45,scattered clouds
639,Ape,57.5393,26.6929,50.72,95,93,10.25,LV,2022-09-16 18:22:45,overcast clouds
640,Thyboron,56.6985,8.2124,57.15,87,53,20.27,DK,2022-09-16 18:22:45,broken clouds
641,Kadyy,57.787,43.1903,54.52,73,91,7.87,RU,2022-09-16 18:21:08,overcast clouds
642,Koroni,36.8,21.95,80.08,78,1,11.63,GR,2022-09-16 18:22:45,clear sky
643,Kazerun,29.6195,51.6541,79.59,24,0,4.38,IR,2022-09-16 18:22:46,clear sky
644,Monte Santo De Minas,-21.1897,-46.9803,79.05,38,64,5.86,BR,2022-09-16 18:22:46,broken clouds
645,Sao Felipe,-14.8167,-41.3833,95.52,18,0,6.46,BR,2022-09-16 18:22:46,clear sky
646,Angoche,-16.2325,39.9086,73.67,75,0,7.65,MZ,2022-09-16 18:22:47,clear sky
647,Gandai,21.6667,81.1,74.86,93,86,5.35,IN,2022-09-16 18:22:47,overcast clouds
648,Bagotville,-28.9833,153.4167,61.86,95,92,5.32,AU,2022-09-16 18:22:48,overcast clouds
649,Altay,47.8667,88.1167,43.02,60,1,3.69,CN,2022-09-16 18:22:48,clear sky
650,Olaine,56.7853,23.9381,52.93,93,40,9.22,LV,2022-09-16 18:22:49,scattered clouds
651,Kondopoga,62.2057,34.2614,51.48,96,100,3.31,RU,2022-09-16 18:22:49,light rain
652,Correntina,-13.3433,-44.6367,99.32,13,1,6.26,BR,2022-09-16 18:22:50,clear sky
653,Ifakara,-8.1333,36.6833,78.46,49,74,3.4,TZ,2022-09-16 18:22:50,broken clouds
654,Bayir,37.2687,28.2167,68.52,42,0,2.26,TR,2022-09-16 18:22:51,clear sky
655,Wajir,1.7471,40.0573,85.96,37,20,0.0,KE,2022-09-16 18:22:51,few clouds
656,Glamoc,44.0458,16.8486,62.6,92,33,6.76,BA,2022-09-16 18:22:52,scattered clouds
657,Tabatinga,-4.2525,-69.9381,82.49,65,20,4.61,BR,2022-09-16 18:22:52,few clouds
658,Synya,65.3718,58.0387,53.44,69,100,8.03,RU,2022-09-16 18:22:52,overcast clouds
659,Thompson,55.7435,-97.8558,66.36,52,40,3.44,CA,2022-09-16 18:22:53,scattered clouds
660,Meiganga,6.5167,14.3,67.14,95,91,4.43,CM,2022-09-16 18:22:53,moderate rain
661,Grootfontein,-19.5667,18.1167,63.97,20,0,3.44,NA,2022-09-16 18:22:53,clear sky
662,Naryan-Mar,67.6713,53.087,49.98,93,100,10.13,RU,2022-09-16 18:22:54,light rain
663,Fort Atkinson,42.9289,-88.8371,81.25,69,44,1.99,US,2022-09-16 18:22:54,scattered clouds
664,Umm Lajj,25.0213,37.2685,85.89,54,11,8.88,SA,2022-09-16 18:22:54,few clouds
665,Sisimiut,66.9395,-53.6735,49.12,75,92,9.44,GL,2022-09-16 18:22:55,overcast clouds
666,Pangody,65.85,74.4859,50.5,80,100,7.67,RU,2022-09-16 18:22:55,overcast clouds
667,Crotone,39.0851,17.1178,83.19,83,0,10.36,IT,2022-09-16 18:22:55,clear sky
668,Marsh Harbour,26.5412,-77.0636,85.19,61,67,7.63,BS,2022-09-16 18:22:55,broken clouds
669,Mogadouro,41.3403,-6.7119,76.26,44,22,4.25,PT,2022-09-16 18:22:56,few clouds
670,Rebrikha,53.0733,82.3408,42.4,59,28,7.47,RU,2022-09-16 18:22:57,scattered clouds
671,Iquitos,-3.7481,-73.2472,77.04,78,75,2.3,PE,2022-09-16 18:22:57,broken clouds
672,Teya,60.3778,92.6267,38.68,96,80,3.69,RU,2022-09-16 18:22:58,broken clouds
673,Sabha,27.0377,14.4283,88.88,15,0,4.32,LY,2022-09-16 18:22:58,clear sky
674,Lake City,30.1897,-82.6393,87.51,61,75,10.36,US,2022-09-16 18:22:58,broken clouds
675,Madison,34.7334,-86.5667,84.94,52,40,10.36,US,2022-09-16 18:21:55,scattered clouds
676,Manyana,-23.4,21.7167,69.69,14,0,9.26,BW,2022-09-16 18:22:59,clear sky
677,La Palma,33.8464,-118.0467,82.65,66,40,6.91,US,2022-09-16 18:22:59,scattered clouds
678,Lokosovo,61.1333,74.8167,51.58,68,74,6.29,RU,2022-09-16 18:23:00,broken clouds
679,Kananga,-5.8958,22.4178,75.79,65,61,3.18,CD,2022-09-16 18:23:00,broken clouds
680,Rudbar,30.15,62.6,85.8,12,0,12.93,AF,2022-09-16 18:23:01,clear sky
681,Presidencia Roque Saenz Pena,-26.7852,-60.4388,85.14,12,0,9.42,AR,2022-09-16 18:23:01,clear sky
682,Jhalida,23.3667,85.9667,77.79,86,87,5.01,IN,2022-09-16 18:23:02,overcast clouds
683,Bunia,1.5667,30.25,65.12,82,17,2.26,CD,2022-09-16 18:23:02,light rain
684,Ariquemes,-9.9133,-63.0408,101.03,25,44,2.64,BR,2022-09-16 18:23:03,scattered clouds
685,Gazli,40.1333,63.45,79.72,24,44,7.58,UZ,2022-09-16 18:23:03,scattered clouds
686,La Asuncion,11.0333,-63.8628,98.33,44,88,8.05,VE,2022-09-16 18:23:03,overcast clouds
687,Boysun,38.2061,67.1986,66.25,24,37,6.42,UZ,2022-09-16 18:23:04,scattered clouds
688,Walvis Bay,-22.9575,14.5053,65.35,68,32,8.05,NA,2022-09-16 18:23:04,scattered clouds
689,Senanga,-16.1167,23.2667,74.5,22,1,5.95,ZM,2022-09-16 18:23:04,clear sky
690,Brigantine,39.4101,-74.3646,80.04,44,0,8.05,US,2022-09-16 18:23:04,clear sky
691,Palmetto,27.5214,-82.5723,89.24,55,85,6.82,US,2022-09-16 18:23:05,overcast clouds
692,Surgut,61.25,73.4167,55.58,62,0,4.47,RU,2022-09-16 18:23:05,clear sky
693,Ylojarvi,61.5563,23.5961,49.95,100,100,1.14,FI,2022-09-16 18:23:05,overcast clouds
694,Kurya,51.6003,82.2888,41.9,79,10,7.9,RU,2022-09-16 18:23:06,clear sky
695,Hatillo,18.4863,-66.8254,89.78,79,97,13.0,PR,2022-09-16 18:23:07,overcast clouds
696,Inirida,3.8653,-67.9239,91.56,52,100,2.33,CO,2022-09-16 18:23:07,overcast clouds
697,Soria,41.6667,-2.6667,62.11,79,88,8.93,ES,2022-09-16 18:23:07,overcast clouds
698,Areosa,41.7178,-8.8571,69.24,80,3,5.86,PT,2022-09-16 18:23:08,clear sky
699,Baiao,-2.7906,-49.6717,100.24,29,48,5.26,BR,2022-09-16 18:23:08,scattered clouds
700,Rajshahi,24.3667,88.6,80.55,86,95,6.33,BD,2022-09-16 18:23:09,overcast clouds
701,Palma,39.5694,2.6502,80.4,76,40,3.44,ES,2022-09-16 18:21:12,scattered clouds
702,Vardenis,40.1827,45.7311,54.34,65,8,4.63,AM,2022-09-16 18:23:10,clear sky
